name,age,email,division,telephone,sex
허용준, 93,u9krnpjw@gmail.com,g4bdep,010-7417-0642,f
허서준, 29,r58vsuxz@gmail.com,wwzdep,010-3234-3300,f
장지은, 100,xs4str5v@gmail.com,edcdep,010-0393-9154,f
장지금, 74,fcf060wg@gmail.com,2v6dep,010-0003-3150,m
장서은, 15,wo7ou77o@gmail.com,rz4dep,010-3892-9799,f
이용금, 22,5kvzl9h7@gmail.com,4iodep,010-6451-1787,m
허서준, 55,zbcczzp1@gmail.com,e4odep,010-2023-9204,f
이지준, 79,4rq6hgb3@gmail.com,7cmdep,010-1138-0817,m
장용은, 88,wzvkjmxj@gmail.com,qnrdep,010-5662-1446,f
허서금, 29,8i6517o8@gmail.com,114dep,010-7489-6056,f
장용금, 45,aw7juhn9@gmail.com,xkmdep,010-3188-6456,m
장지은, 8,utx052oj@gmail.com,f6qdep,010-9997-2721,m
허용준, 62,bxftm4t3@gmail.com,pczdep,010-1668-0702,f
허용준, 93,ir07779y@gmail.com,4d1dep,010-5356-9042,f
이서은, 45,xehn8bxm@gmail.com,ajkdep,010-4484-7507,f
허지준, 19,098l35jb@gmail.com,drsdep,010-4810-8417,f
이용은, 43,qjdr4ple@gmail.com,razdep,010-0517-6138,f
이용은, 50,rz5497w2@gmail.com,7o6dep,010-2893-3618,m
이지준, 94,9u940zb0@gmail.com,qdrdep,010-2462-8698,m
허용금, 93,mc4iyzun@gmail.com,wfmdep,010-9657-5434,m
장지은, 23,a7kpcaq3@gmail.com,jwbdep,010-5320-2103,f
허서준, 74,g08jwnzi@gmail.com,3hxdep,010-7694-4359,m
허지금, 20,gaibj7pt@gmail.com,r6bdep,010-9461-8181,f
허지은, 14,k44t75em@gmail.com,rbndep,010-1489-9092,f
허서금, 27,evmtqced@gmail.com,83kdep,010-1802-6639,m
이서은, 47,j4kyai3j@gmail.com,q5idep,010-8243-2126,f
이용은, 16,rvr0xpwa@gmail.com,v67dep,010-4008-7543,f
이지금, 62,ab0bq94c@gmail.com,5fadep,010-1246-2134,f
이지은, 36,7j83i2gk@gmail.com,obddep,010-2211-5314,m
허서은, 82,ih1rvvwf@gmail.com,1gtdep,010-3802-0766,m
허서은, 71,lxzxg7j2@gmail.com,zb6dep,010-1048-5181,m
허지은, 27,r862m79m@gmail.com,qnndep,010-2730-9226,m
장서금, 98,f3p1q251@gmail.com,vw6dep,010-9584-1954,f
이용금, 78,ls9v2rzj@gmail.com,2zydep,010-6946-4969,m
이서금, 77,s5uw6eqp@gmail.com,qipdep,010-6730-9002,f
이지금, 18,6xzhq9c9@gmail.com,pq5dep,010-0067-0922,m
허용은, 58,2f3r772m@gmail.com,gg8dep,010-2620-7422,m
이용준, 7,xvgooq9f@gmail.com,i65dep,010-3478-2565,m
이서은, 47,g4vk93f0@gmail.com,d9zdep,010-0958-9079,f
장용은, 53,7x0atiae@gmail.com,7c1dep,010-8946-7479,f
이지은, 96,1n8l4n6p@gmail.com,6nvdep,010-9310-8003,f
이용준, 39,dezjyt6w@gmail.com,in2dep,010-7290-4576,f
허서금, 30,7yq1i6rh@gmail.com,oqndep,010-3592-8524,m
장서준, 88,d9hs9t7l@gmail.com,yr5dep,010-6930-1001,m
이지금, 93,2w6bsclf@gmail.com,98ydep,010-5771-0439,f
허지은, 68,5oz1ap5b@gmail.com,64udep,010-6313-4647,m
이지준, 51,ldibynlq@gmail.com,d7kdep,010-3326-3212,m
장서준, 60,iutwxuuf@gmail.com,rqcdep,010-0927-0229,m
장지은, 33,wryppkaf@gmail.com,nwxdep,010-4561-6806,m
이서금, 67,yrcj61vt@gmail.com,v28dep,010-2240-6891,f
장지금, 18,ofzr6uup@gmail.com,g7idep,010-5774-8166,f
허서준, 60,af4qlr27@gmail.com,7bidep,010-7865-0663,f
허지은, 14,ozmlxuru@gmail.com,3bodep,010-9072-3078,f
장용금, 45,oosayu5g@gmail.com,qp5dep,010-6388-1520,f
이서금, 91,aa2wx3v8@gmail.com,skodep,010-4336-4047,f
허용은, 1,pug0u23o@gmail.com,uesdep,010-4713-6445,m
장지금, 69,ab5fo733@gmail.com,9o7dep,010-2206-5257,f
이용준, 86,en5c3t34@gmail.com,r5xdep,010-9627-3663,f
이용은, 29,0oztm3oj@gmail.com,govdep,010-6241-3887,m
허서준, 22,hhn1fy0h@gmail.com,iafdep,010-0934-3211,f
장용금, 55,54hdtefg@gmail.com,oaydep,010-8647-0437,m
장서은, 61,ryjl1eyb@gmail.com,i2ldep,010-8234-9538,f
이지준, 24,2bdxrlxo@gmail.com,62jdep,010-9423-4748,f
장서준, 88,fjvgnhjs@gmail.com,nxgdep,010-0605-1949,m
이지금, 14,7i4w4lpf@gmail.com,nf0dep,010-8958-4097,f
이지금, 37,k24to8la@gmail.com,neydep,010-8006-4040,f
허서은, 47,q7bvv91a@gmail.com,kbydep,010-8705-5377,f
장서은, 84,4dc0jebc@gmail.com,xx1dep,010-0159-5559,f
장용금, 78,6n27vsua@gmail.com,k82dep,010-8828-9495,m
이서은, 10,thpxrnc4@gmail.com,dscdep,010-2646-3685,f
이용은, 36,altgtbes@gmail.com,630dep,010-6810-4487,m
허서은, 72,9esrm7t7@gmail.com,n3adep,010-0642-4875,m
이지금, 57,t6qkl6tj@gmail.com,cbadep,010-8980-3659,f
이용은, 18,f73q8eeu@gmail.com,3s3dep,010-8491-5385,m
허서금, 36,nvp0it9y@gmail.com,4vddep,010-4987-1409,f
장지준, 8,vdaj7qri@gmail.com,s0bdep,010-5751-8385,m
이지준, 52,akfwjzow@gmail.com,jbkdep,010-5555-3898,f
장지준, 53,fo7hp5jg@gmail.com,cqpdep,010-8648-3401,f
이용준, 70,d99da4ix@gmail.com,y36dep,010-2340-8318,f
이지준, 68,rdwkjrfk@gmail.com,orcdep,010-1521-9906,f
허서금, 66,9svtuim0@gmail.com,unldep,010-2359-3918,f
이지준, 56,n7u6f7zq@gmail.com,nyidep,010-6545-3114,m
장용준, 8,7js49rqu@gmail.com,k60dep,010-6392-6176,m
허용금, 92,uz97rgr0@gmail.com,y7ldep,010-6490-4243,f
장지은, 70,e87ib9ko@gmail.com,7evdep,010-3889-5841,f
이서은, 24,e7mudnep@gmail.com,p0odep,010-0002-2619,m
이서금, 46,tmyfusfn@gmail.com,iwudep,010-8515-9844,f
장지금, 57,3q30koso@gmail.com,wzmdep,010-5850-6961,f
장지준, 76,7qsjjxda@gmail.com,en0dep,010-2915-1717,m
이용금, 86,hafouhi1@gmail.com,es3dep,010-9341-0813,f
이지준, 30,diecv5fj@gmail.com,v56dep,010-7249-0744,f
이지준, 97,7f287fu7@gmail.com,eixdep,010-9163-8352,m
허지은, 85,8f8puv8k@gmail.com,y6sdep,010-0908-6292,m
이지금, 30,xk59r55m@gmail.com,848dep,010-1668-9042,m
이서준, 27,rc740gww@gmail.com,5lddep,010-4927-7652,f
장서준, 3,h78uj594@gmail.com,0e7dep,010-0019-9612,m
허지준, 90,bg68tut7@gmail.com,pvndep,010-2573-5422,m
장용금, 49,rvm1hdtc@gmail.com,zn5dep,010-3564-8285,f
이서준, 86,xc8sru7p@gmail.com,wnudep,010-9096-9962,f
장용준, 13,gk7bu34z@gmail.com,a4rdep,010-0469-8872,f